date,sp500,monthly_return,monthly_volatility,hist_var95,hist_var99,hist_es95,hist_es99,rolling_volatility,rolling_skewness,rolling_kurtosis,trading_days
2008-01-31,1378.550048828125,-0.047410088539691975,0.24568632689821732,,,,,,,,20
2008-02-29,1330.6300048828125,-0.03476119273728806,0.2064914838232305,,,,,,,,20
2008-03-31,1322.699951171875,-0.005959623397817304,0.28765535022580047,,,,,,,,20
2008-04-30,1385.5899658203125,0.047546697641228874,0.18175638259243385,,,,,,,,22
2008-05-31,1400.3800048828125,0.010674181704068753,0.14376990246868768,,,,,,,,21
2008-06-30,1280.0,-0.08596238482631469,0.19763658066406495,,,,,,,,21
2008-07-31,1267.3800048828125,-0.009859371185303,0.23142334890276736,,,,,,,,22
2008-08-31,1282.8299560546875,0.012190464669120882,0.20763270675975562,,,,,,,,21
2008-09-30,1166.3599853515625,-0.09079143354379215,0.5516043299147702,,,,,,,,21
2008-10-31,968.75,-0.16942452401777075,0.7994984711609643,,,,,,,,23
2008-11-30,896.239990234375,-0.07484904233870948,0.7109309687958353,,,,,,,,19
2008-12-31,903.25,0.007821576633499472,0.4973866445359993,-0.04515376294705314,-0.0855771725390119,-0.06691075884271257,-0.09347374628932671,0.41081949565188647,-0.03929691460013697,3.759669291804614,22
2009-01-31,825.8800048828125,-0.0856573430580545,0.39421636535165605,-0.04828525627583017,-0.0855771725390119,-0.06737068422308604,-0.09347374628932671,0.4196317564205621,-0.033299828065000134,3.3352320619961686,20
2009-02-28,735.0900268554688,-0.10993119762019965,0.3636671852073242,-0.049224319241903465,-0.0855771725390119,-0.067530733209414,-0.09347374628932671,0.42809873250160835,-0.009932428894577397,2.9488914054534368,19
2009-03-31,797.8699951171875,0.08540446199532226,0.48504030226712824,-0.049224319241903465,-0.0855771725390119,-0.067530733209414,-0.09347374628932671,0.4419931334484559,0.0297667179018652,2.547419533147534,22
2009-04-30,872.8099975585938,0.09392507914826353,0.3003373641534432,-0.049224319241903465,-0.0855771725390119,-0.067530733209414,-0.09347374628932671,0.44903343840351195,0.0013829576104544077,2.2493874992830865,21
2009-05-31,919.1400146484375,0.05308144638516632,0.2863978375086635,-0.049224319241903465,-0.0855771725390119,-0.067530733209414,-0.09347374628932671,0.45439400002528846,-0.0007419330574535843,2.0301633224883076,20
2009-06-30,919.3200073242188,0.0001958272656092941,0.20468188799210585,-0.049224319241903465,-0.0855771725390119,-0.067530733209414,-0.09347374628932671,0.4546899377807989,-0.030727876809250754,2.018121560729417,22
2009-07-31,987.47998046875,0.07414172714778422,0.20537442006115944,-0.049224319241903465,-0.0855771725390119,-0.067530733209414,-0.09347374628932671,0.45410162699851603,-0.0611355061678271,2.0506646738648797,22
2009-08-31,1020.6199951171875,0.033560188868544394,0.16370917345018843,-0.049224319241903465,-0.0855771725390119,-0.067530733209414,-0.09347374628932671,0.45276209364956743,-0.07457573002291686,2.1067040770384,21
2009-09-30,1057.0799560546875,0.03572334572311986,0.15277850186175823,-0.0471300748379404,-0.07425553218395285,-0.06411167908676298,-0.08915190327852669,0.4270883944900378,0.012453042882725467,2.6910036472012875,21
2009-10-31,1036.18994140625,-0.019762000526814316,0.21654528977550053,-0.03865869866469165,-0.058595320490457195,-0.05491463621746605,-0.0753746210117311,0.35925086112244375,-0.2919997770259247,1.928271437170024,22
2009-11-30,1095.6300048828125,0.057364061453727855,0.15581525538993646,-0.030071678974870706,-0.04902901131517977,-0.0445961353907001,-0.06605573525209024,0.3067944340260048,-0.3869017114429941,2.7906626681219024,20
2009-12-31,1115.0999755859375,0.017770570919338313,0.10506058281398468,-0.02896627358006902,-0.04717457039525911,-0.03967622486668078,-0.05079085762304473,0.27265971915630693,-0.060830159331763875,1.9124323582897933,22
2010-01-31,1073.8699951171875,-0.03697424569226204,0.1645515443251203,-0.024331000506834476,-0.04515188157311649,-0.03613328141229428,-0.04824668602110865,0.25431392277074377,0.05199805982084255,2.382012977295906,19
2010-02-28,1104.489990234375,0.028513689046546054,0.1813940487372161,-0.02394058235777968,-0.039371073019180275,-0.032096483706030715,-0.0449791333594757,0.23781632282700685,0.19965393531730433,2.7407551085986612,19
2010-03-31,1169.4300537109375,0.058796425545497355,0.07465020370216213,-0.02093392006495362,-0.03031301778334231,-0.0274706899971906,-0.035482143174095954,0.19138868040213436,-0.33558035853466156,1.1402342868606612,23
2010-04-30,1186.68994140625,0.014759230482012775,0.15059457701573184,-0.019799815793180867,-0.029010739852497313,-0.025598655157366073,-0.03076396840219628,0.17629685416097612,-0.33357309477301755,0.8795321024269688,21
2010-05-31,1089.4100341796875,-0.08197584207319075,0.3205338907575548,-0.021001383792149494,-0.031351535273125584,-0.027743367644819685,-0.03476003084384561,0.18205156194777958,-0.3688102101903376,1.567611238360597,20
2010-06-30,1030.7099609375,-0.053882442239838735,0.25660261704741333,-0.021001383792149494,-0.032249622500943716,-0.02861965355617501,-0.035887226190520344,0.18801473746581918,-0.331086185181736,1.4565315500885716,22
2010-07-31,1101.5999755859375,0.06877784957463517,0.19813633778070136,-0.020921414222445582,-0.032249622500943716,-0.028593901623466707,-0.035887226190520344,0.18689896170177786,-0.33393545439799877,1.4941848444410109,21
2010-08-31,1049.3299560546875,-0.04744918363260453,0.17715811255489586,-0.020921414222445582,-0.032249622500943716,-0.028903397404142724,-0.035887226190520344,0.18847274414504545,-0.2857853508713771,1.4227546199286278,22
2010-09-30,1141.199951171875,0.08755110305113534,0.15720471647269788,-0.019400135265501876,-0.032249622500943716,-0.028700486621714646,-0.035887226190520344,0.18944358836510636,-0.23966410140043623,1.4552889477286886,21
2010-10-31,1183.260009765625,0.03685599403554063,0.11287311930184246,-0.018101576606941228,-0.032249622500943716,-0.028106182084977362,-0.035887226190520344,0.18389904391941528,-0.25448623295202544,1.8365257886508881,21
2010-11-30,1180.550048828125,-0.002290249746576989,0.14778372458515368,-0.017185698717362863,-0.032249622500943716,-0.027248360954927213,-0.035887226190520344,0.18103292168544724,-0.19874415754616775,1.9318565380106412,21
2010-12-31,1257.6400146484375,0.06530004034715531,0.08746838250546779,-0.017185698717362863,-0.032249622500943716,-0.027248360954927213,-0.035887226190520344,0.18061711192234442,-0.21229656913501216,2.023579893897569,22
2011-01-31,1286.1199951171875,0.022645574359139164,0.1056475557960972,-0.017006651898326904,-0.032249622500943716,-0.02675434590707976,-0.035887226190520344,0.17669735892676858,-0.23820371679437632,2.3796197513782924,20
2011-02-28,1327.219970703125,0.03195656372809341,0.11925555843816067,-0.017006651898326904,-0.03218453339006874,-0.025916372743283424,-0.035887226190520344,0.17315198949996807,-0.19618522436337976,2.5534341806540475,19
2011-03-31,1325.8299560546875,-0.0010473129391667113,0.16423227419433806,-0.017629106769411606,-0.03218453339006874,-0.026250524531299353,-0.035887226190520344,0.17840146105588067,-0.1655879795216419,2.0477057518997075,23
2011-04-30,1363.6099853515625,0.028495380666535786,0.08883425464204985,-0.017185698717362863,-0.03218453339006874,-0.02576242554252221,-0.035887226190520344,0.17515759408385936,-0.1360236163435716,2.302076977684046,20
2011-05-31,1345.199951171875,-0.013500952895222906,0.10813573608639385,-0.015927763798156924,-0.028906562812327955,-0.02187826973028252,-0.03192286071093005,0.15180476245297145,-0.20244322809328452,2.0536461113946394,21
2011-06-30,1320.6400146484375,-0.018257461652479767,0.16592535645838283,-0.014713197599983772,-0.021872155102745604,-0.0196978149139796,-0.026958180466450696,0.14128458260079785,-0.13926647994654534,1.3874911139629391,22
2011-07-31,1292.280029296875,-0.021474425306666434,0.15504879495606466,-0.015294923918173537,-0.020627720062741366,-0.019290304985520337,-0.024124612206352165,0.13647481690908592,-0.17036707891064623,0.9130149569019599,20
2011-08-31,1218.8900146484375,-0.05679110795232911,0.4718376410080885,-0.016899492856344574,-0.045383079960870015,-0.030117445331456348,-0.054526207789576724,0.18641076723484423,-1.0846268615811359,8.249453450723534,23
2011-09-30,1131.4200439453125,-0.07176198808089662,0.291213202380999,-0.020618740858214846,-0.045383079960870015,-0.03380948170681359,-0.054526207789576724,0.20087877522460668,-0.9474333424723219,5.8670316969208836,21
2011-10-31,1253.300048828125,0.10772303843744124,0.29346436347640786,-0.021871209284270696,-0.045383079960870015,-0.03475269853324532,-0.054526207789576724,0.21597145875903118,-0.7292976785026527,4.233894257281145,21
2011-11-30,1246.9599609375,-0.005058715107011502,0.31060977165110637,-0.02515781265262724,-0.045383079960870015,-0.03610874194916568,-0.054526207789576724,0.22834609172830275,-0.5987003851540611,3.4161156926582676,21
2011-12-31,1257.5999755859375,0.008532763666635912,0.1859841777013541,-0.02515781265262724,-0.045383079960870015,-0.03610874194916568,-0.054526207789576724,0.2335433719652264,-0.5185202436802414,2.941253472491763,21
2012-01-31,1312.4100341796875,0.04358306270498491,0.08549788746420013,-0.02515781265262724,-0.045383079960870015,-0.03610874194916568,-0.054526207789576724,0.23305688252635084,-0.52611982502742,2.9973761688155616,20
2012-02-29,1365.6800537109375,0.04058946376811745,0.08459834272482426,-0.02515781265262724,-0.045383079960870015,-0.03610874194916568,-0.054526207789576724,0.23152887385577633,-0.5414718944729197,3.1476396188683737,20
2012-03-31,1408.469970703125,0.03133231453144192,0.1152005914530353,-0.02515781265262724,-0.045383079960870015,-0.03610874194916568,-0.054526207789576724,0.22943678966895423,-0.5558285219321157,3.359499754761688,22
2012-04-30,1397.9100341796875,-0.007497452372496216,0.14682387086088464,-0.02515781265262724,-0.045383079960870015,-0.03610874194916568,-0.054526207789576724,0.23162689559562083,-0.5154948703081851,3.1201040909964575,20
2012-05-31,1310.3299560546875,-0.06265072571454355,0.12556614797495189,-0.02515781265262724,-0.045383079960870015,-0.03610874194916568,-0.054526207789576724,0.2317103709260579,-0.4832527354260004,3.0876842705889778,22
2012-06-30,1362.1600341796875,0.03955498222833631,0.20590301862280774,-0.02515781265262724,-0.045383079960870015,-0.03610874194916568,-0.054526207789576724,0.2352668078543568,-0.4855578582575191,2.8409118588966,21
2012-07-31,1379.3199462890625,0.012597574204787687,0.1389762967194745,-0.02515781265262724,-0.045383079960870015,-0.03610874194916568,-0.054526207789576724,0.23456553358771995,-0.4985274028731814,2.9189057098300735,21
2012-08-31,1406.5799560546875,0.019763369506086148,0.08989128598854057,-0.021115332246900948,-0.029337625073632564,-0.027001069644043585,-0.033206266315121774,0.18942157550176633,-0.05516921715557267,1.1562408181559902,23
2012-09-30,1440.6700439453125,0.024236153617775313,0.1184679365065419,-0.01707153096797215,-0.026785179198802866,-0.0239974426080339,-0.03152966987478922,0.1748989473315599,0.11854550567363199,1.5887472053638643,19
2012-10-31,1412.1600341796875,-0.01978940971629417,0.10727836340718662,-0.016171474389547174,-0.024998982801683407,-0.021899323336480456,-0.030258007777853452,0.15589065777217553,0.08426078324413813,2.3124565878803884,21
2012-11-30,1416.1800537109375,0.0028467166850427716,0.15509616720211866,-0.01416926193153896,-0.021929406474828394,-0.01798420841774998,-0.023818329258980708,0.14009381108727537,0.44063152518478643,2.350031771402078,21
2012-12-31,1426.18994140625,0.007068230956284394,0.1167652475909761,-0.012619597635711344,-0.01981827490121893,-0.0172345475257515,-0.023818329258980708,0.12756773299774138,0.036911996408968986,0.8465558700640388,20
2013-01-31,1498.1099853515625,0.05042809646686841,0.09878682130615936,-0.012619597635711344,-0.01981827490121893,-0.0172345475257515,-0.023818329258980708,0.1280241839122527,0.10824961508574843,1.0671064716009406,21
2013-02-28,1514.6800537109375,0.011060648765041536,0.13179583262168812,-0.013262224798418008,-0.020455902558089108,-0.017679074584934066,-0.023818329258980708,0.1306998345335202,0.06945467786123832,0.8942152084380094,19
2013-03-31,1569.18994140625,0.03598772398287298,0.07466653215577757,-0.012619597635711344,-0.020455902558089108,-0.01746452979169229,-0.023818329258980708,0.12817281411473913,0.04648046991215888,1.0354545036439684,20
2013-04-30,1597.5699462890625,0.018085767779889794,0.14188447498790066,-0.013262224798418008,-0.022866457203200206,-0.018059605879673982,-0.024058634714643534,0.1282067884204638,-0.06542392608941118,1.1959344046812341,22
2013-05-31,1630.739990234375,0.020762811683057603,0.10934864652940154,-0.012580132003433693,-0.022866457203200206,-0.017726237234294263,-0.024058634714643534,0.12667589119674996,-0.12841756314580471,1.2773352493203534,22
2013-06-30,1606.280029296875,-0.014999301595580827,0.17284666100695595,-0.012246622918873901,-0.020809151577913458,-0.016743688457346476,-0.02418434437395579,0.12392479266586584,-0.09717265695855394,1.1321582359884599,20
2013-07-31,1685.72998046875,0.04946207991308493,0.06857607432489247,-0.012246622918873901,-0.020809151577913458,-0.016743688457346476,-0.02418434437395579,0.11677917525802049,-0.31497077120355876,1.4526269198962694,22
2013-08-31,1632.969970703125,-0.031298019479344186,0.10447751108575411,-0.013108940831268213,-0.020809151577913458,-0.017176339183010342,-0.02418434437395579,0.11835179644134435,-0.34491340345655547,1.2332769827114025,22
2013-09-30,1681.550048828125,0.02974952325919511,0.08740347998104432,-0.013108940831268213,-0.020809151577913458,-0.017176339183010342,-0.02418434437395579,0.11662474061688796,-0.4490831383683636,1.231945371386839,20
2013-10-31,1756.5400390625,0.04459575276194494,0.12409638749739939,-0.01233790079141757,-0.020809151577913458,-0.016686422397649982,-0.02418434437395579,0.11788638991189629,-0.36760193229168714,1.2310360708407244,23
2013-11-30,1805.81005859375,0.028049471367328493,0.08955409887352586,-0.011881924022140439,-0.01721563004342296,-0.015728764731164545,-0.022347274842479004,0.11215924358513765,-0.33311054945495056,1.2680904436231872,20
2013-12-31,1848.3599853515625,0.02356279197544575,0.09489893537595676,-0.011881924022140439,-0.01721563004342296,-0.015728764731164545,-0.022347274842479004,0.1107088089631126,-0.3669899108270007,1.4462358337533086,21
2014-01-31,1782.5899658203125,-0.03558290595581204,0.12560041745855444,-0.012441582605598541,-0.01976167704763195,-0.016430631576966427,-0.023219656790001153,0.11327100962346122,-0.524810545800203,0.934589392725455,21
2014-02-28,1859.449951171875,0.04311703017816182,0.12772761637543764,-0.01230459039678237,-0.022076511233142252,-0.016780198317027182,-0.023886384549049733,0.11311609659100319,-0.5934157999112096,1.2307749427468238,19
2014-03-31,1872.3399658203125,0.006932165418226832,0.10433766315592845,-0.01230459039678237,-0.022076511233142252,-0.016780198317027182,-0.023886384549049733,0.11487772036352203,-0.5246626675849583,1.0501718845622245,21
2014-04-30,1883.949951171875,0.0062007891534139326,0.13142387309129872,-0.01230459039678237,-0.021101099119263576,-0.016476896195977364,-0.023176998944724036,0.11366000163102066,-0.5129672129263676,0.9771474222088615,21
2014-05-31,1923.5699462890625,0.021030280073280005,0.08205293932160747,-0.01230459039678237,-0.021101099119263576,-0.016476896195977364,-0.023176998944724036,0.11261610533321058,-0.5278219648779129,1.0768288873424825,21
2014-06-30,1960.22998046875,0.01905833174947058,0.0577501139803766,-0.009860399615766749,-0.01849803150628052,-0.0146814076132525,-0.02176633128973822,0.10205985883151729,-0.4373204310572859,1.399585772617777,21
2014-07-31,1930.6700439453125,-0.015079830845342479,0.10661368459231989,-0.011066200736255525,-0.02064023189856437,-0.015530370831872682,-0.02176633128973822,0.10470234629680279,-0.48706753874997705,1.314729750542159,22
2014-08-31,2003.3699951171875,0.037655295579825276,0.07769206701298399,-0.00997074031735834,-0.02064023189856437,-0.014813748682911184,-0.02176633128973822,0.10233075579234038,-0.5241382353801479,1.521993463385374,21
2014-09-30,1972.2900390625,-0.015513837249454099,0.09479210559230758,-0.01050767769914018,-0.02064023189856437,-0.015278303248809225,-0.02176633128973822,0.10309080922557955,-0.5428602913225139,1.489526989170246,21
2014-10-31,2018.050048828125,0.023201460667202634,0.18289836254167202,-0.011830623100101094,-0.020984949211097642,-0.0167931536145692,-0.02176633128973822,0.11033772501641664,-0.5694417290838095,1.161661868410747,23
2014-11-30,2067.56005859375,0.024533588646315163,0.040778994736293206,-0.011630935277563651,-0.020984949211097642,-0.016677742514283726,-0.02176633128973822,0.10809446901313591,-0.5988810421472531,1.38285739724626,19
2014-12-31,2058.89990234375,-0.004188587515997377,0.1541888094961208,-0.0122249775765042,-0.020984949211097642,-0.0173821955413103,-0.02176633128973822,0.11382415759465588,-0.4291228027863028,1.35397271711225,22
2015-01-31,1994.989990234375,-0.031040805838410512,0.17000911201260357,-0.01319410220416202,-0.02053313114178169,-0.017316355029619382,-0.021693473632062924,0.11797343620253824,-0.31355379183959053,0.9717307844269423,20
2015-02-28,2104.5,0.054892510890623525,0.09574861490945179,-0.012823793161766022,-0.019307025657682265,-0.016545623822067992,-0.020728582782310778,0.11579502506730616,-0.21003497278650338,0.8795150776362078,19
2015-03-31,2067.889892578125,-0.017396107114219683,0.14323957788994585,-0.013527434563681575,-0.019307025657682265,-0.017019132352224454,-0.020728582782310778,0.11952486961453632,-0.2192994236824071,0.6646662306582093,22
2015-04-30,2085.510009765625,0.008520819822535275,0.084898680728247,-0.013400637879086498,-0.01776361330890989,-0.016432387742876017,-0.019842331380710784,0.11612070061302966,-0.14145291258054565,0.7474526402802213,21
2015-05-31,2107.389892578125,0.010491382304590013,0.10797505787992626,-0.013400637879086498,-0.01776361330890989,-0.016432387742876017,-0.019842331380710784,0.1175791648181328,-0.10411997796269377,0.647741224101318,20
2015-06-30,2063.110107421875,-0.021011671979730195,0.11169898984442772,-0.013527434563681575,-0.019307025657682265,-0.017017670950010937,-0.020722250039385534,0.12094308110345262,-0.11507278867774474,0.540251131016448,22
2015-07-31,2103.840087890625,0.019742029435184882,0.11707644024566655,-0.013527434563681575,-0.01776361330890989,-0.016755442700542585,-0.02013734383183792,0.1217003480442224,-0.09019312686368788,0.4016739683423444,22
2015-08-31,1972.1800537109375,-0.0625808182558657,0.26765834219123263,-0.014924987968589369,-0.021204075071923494,-0.020707585902220698,-0.03130221577418121,0.14213099169918778,-0.1948135195852366,2.896828779012689,21
2015-09-30,1920.030029296875,-0.026442831280001577,0.22574589686306495,-0.01631883663115725,-0.027971716115822363,-0.022590765065369774,-0.03420111223694181,0.153514326566252,-0.23858598828728625,2.2550852322450337,21
2015-10-31,2079.360107421875,0.0829831178126661,0.12537474318645145,-0.015017998529405791,-0.027971716115822363,-0.02214935414627918,-0.03420111223694181,0.1494969838454799,-0.2453719752758794,2.6763611176401803,22
2015-11-30,2080.409912109375,0.0005048691103348713,0.12160331364981425,-0.015017998529405791,-0.027971716115822363,-0.02214935414627918,-0.03420111223694181,0.15227802378006308,-0.18264040345235535,2.3434570525507343,20
2015-12-31,2043.93994140625,-0.017530185032692658,0.1842605952645371,-0.01528686608915628,-0.027971716115822363,-0.022513875360757267,-0.03420111223694181,0.1550920205877784,-0.2251917976239567,1.964590787988321,22
2016-01-31,1940.239990234375,-0.05073532204695219,0.2419448678308028,-0.016519761235374627,-0.027971716115822363,-0.024122506980308742,-0.03420111223694181,0.162240946525989,-0.24430293676585813,1.642697771301438,19
2016-02-29,1932.22998046875,-0.004128360309003765,0.1857125204045003,-0.017489624268625905,-0.027971716115822363,-0.02440522552994723,-0.03420111223694181,0.16712653919002918,-0.19135164469371185,1.28659715742225,20
2016-03-31,2059.739990234375,0.0659911144400589,0.11336707781096811,-0.017317003454875954,-0.027971716115822363,-0.02440522552994723,-0.03420111223694181,0.1658048725128617,-0.21758425781739976,1.496860280767606,22
2016-04-30,2065.300048828125,0.0026993982833325436,0.10150306325683575,-0.017317003454875954,-0.027971716115822363,-0.02440522552994723,-0.03420111223694181,0.16653668101280736,-0.20516704660499582,1.4274347504322031,21
2016-05-31,2096.949951171875,0.015324602525288666,0.11119553987547579,-0.017317003454875954,-0.027971716115822363,-0.02440522552994723,-0.03420111223694181,0.16684926814015033,-0.20460834320180518,1.3959091190264024,21
2016-06-30,2098.860107421875,0.0009109212401241518,0.18667933687374233,-0.018094633184175056,-0.031172480255358584,-0.025620500514683144,-0.03638715989132669,0.17218013547550232,-0.30894810708471326,1.4419719914285454,22
2016-07-31,2173.60009765625,0.035609800753315435,0.07396390334885534,-0.018094633184175056,-0.031172480255358584,-0.025620500514683144,-0.03638715989132669,0.1703151502896744,-0.32779448192313065,1.6184645496590384,20
2016-08-31,2170.949951171875,-0.0012192428990195348,0.0565081021699675,-0.015433861928217567,-0.024621130213041256,-0.021123137647269034,-0.02928812634876692,0.14969739427253734,-0.2634199724417167,1.0184248499516604,23
2016-09-30,2168.27001953125,-0.0012344511393169721,0.14577007613651666,-0.0150376110391603,-0.024398360206175678,-0.020943046106734402,-0.02889697009810936,0.14461976097075088,-0.3476685632693569,1.1736430708875736,21
2016-10-31,2126.14990234375,-0.019425678909034683,0.06617209008316643,-0.0150376110391603,-0.024398360206175678,-0.020943046106734402,-0.02889697009810936,0.1404847658713315,-0.3634376257415209,1.4488859804565586,21
2016-11-30,2198.81005859375,0.034174521829295035,0.1053180167489544,-0.0150376110391603,-0.024398360206175678,-0.020943046106734402,-0.02889697009810936,0.1394097562854585,-0.3592539167063999,1.6343967764642557,21
2016-12-31,2238.830078125,0.01820076244186586,0.07990380053641988,-0.012833891015115378,-0.024398360206175678,-0.020148648399434064,-0.02889697009810936,0.1311210660324795,-0.43055521040761824,2.427754388016539,21
2017-01-31,2278.8701171875,0.017884358198382078,0.06499749781943329,-0.009872471868135337,-0.01878489539287284,-0.01672503430458304,-0.02677650131155016,0.11452655337965187,-0.44928226545537486,3.6599076394384586,20
2017-02-28,2363.639892578125,0.037198160066815866,0.04621463294992225,-0.00894086424819249,-0.016568792412621876,-0.01443114759797959,-0.02655692724270727,0.10329788357319598,-0.6012770869911616,5.571300064702447,19
2017-03-31,2362.719970703125,-0.0003891971352695256,0.08108708024460594,-0.00894086424819249,-0.016568792412621876,-0.014522058254448512,-0.02655692724270727,0.10019306607615416,-0.7592511037827484,5.787115098872266,23
2017-04-30,2384.199951171875,0.00909120874885505,0.07333606044330193,-0.008446897763162951,-0.016568792412621876,-0.014086348656348767,-0.02655692724270727,0.0983111342112962,-0.7662852068281062,6.352455115140948,19
2017-05-31,2411.800048828125,0.011576251246328662,0.07764653075024806,-0.00744580039744856,-0.018303025124814777,-0.01460507043729298,-0.0265846677958447,0.09566542286788596,-0.974367852084685,7.534372450313456,22
2017-06-30,2423.409912109375,0.004813775207812343,0.0731725533727579,-0.006822619640216191,-0.01370899128217885,-0.011392992143297302,-0.01937165295338743,0.0817360647318155,-0.23669539284127006,3.873534189958612,22
2017-07-31,2470.300048828125,0.019348826001101882,0.05646216316220542,-0.006822619640216191,-0.01370899128217885,-0.011588527398779415,-0.01937165295338743,0.08051149701190503,-0.31731433065092995,4.053389576240552,20
2017-08-31,2471.64990234375,0.000546433019853243,0.09317712246476327,-0.008125705574456476,-0.01524338944061132,-0.012757293092814481,-0.019576851023047626,0.08343456672066436,-0.4471455477829606,3.7854256857512416,23
2017-09-30,2519.360107421875,0.01930297856216745,0.056181462896105566,-0.006760046844743201,-0.01353184164221889,-0.010570648168915451,-0.01616100968634933,0.0745399010389112,-0.028374536835982775,3.1893032665554375,20
2017-10-31,2575.260009765625,0.022188135066151693,0.0484398136660455,-0.0066244086505189495,-0.013511960257315428,-0.010124077611159734,-0.01616100968634933,0.07278123389526388,-0.015605867084153204,3.5205507794389423,22
2017-11-30,2647.580078125,0.028082627806563565,0.06316948262083211,-0.005944867407901393,-0.013511960257315428,-0.01006389717941832,-0.01616100968634933,0.06872277332166445,-0.43414645461716,2.754780282645007,21
2017-12-31,2673.610107421875,0.009831630594270724,0.05624522949827789,-0.005351597194967189,-0.013511960257315428,-0.009669757144233605,-0.01616100968634933,0.06695464489220335,-0.46162753737103895,2.960405017645198,20
2018-01-31,2823.81005859375,0.056178704125527945,0.08900248905319808,-0.0056922519456153575,-0.013511960257315428,-0.01014242690207821,-0.01616100968634933,0.06953801508088564,-0.46576927509952076,2.649954422564036,21
2018-02-28,2713.830078125,-0.03894737187936803,0.27489295417082565,-0.007816216162732518,-0.01986016222045109,-0.017197496031321015,-0.033846091233627314,0.10110126143732465,-2.1379936482553936,13.209272452886985,19
2018-03-31,2640.8701171875,-0.02688449860055686,0.20140121918678874,-0.011048266280580631,-0.023420301680215055,-0.020445338970094647,-0.035195493385679184,0.11380935228159209,-1.6117932206138779,9.15611444955678,21
2018-04-30,2648.050048828125,0.0027187749953685447,0.17304441814347005,-0.013439580823095872,-0.024008842611881555,-0.02205038158755895,-0.035195493385679184,0.12223431896919754,-1.4601193515137645,6.924303554989999,21
2018-05-31,2705.27001953125,0.02160834185458338,0.1038207256707833,-0.01306985592750155,-0.024008842611881555,-0.021671035255540594,-0.035195493385679184,0.12387408454235355,-1.345805936820662,6.395918925837314,22
2018-06-30,2718.3701171875,0.004842436267608052,0.08860816993355877,-0.013439580823095872,-0.024008842611881555,-0.021702247341147844,-0.035195493385679184,0.12459301095583201,-1.3413408394650694,6.229488043717514,21
2018-07-31,2816.2900390625,0.03602155617289937,0.08637651994196158,-0.013439580823095872,-0.024008842611881555,-0.021702247341147844,-0.035195493385679184,0.12609990127501708,-1.3000395069522177,5.852529241546339,21
2018-08-31,2901.52001953125,0.030263211276748248,0.0703139698449123,-0.012152105030146116,-0.024008842611881555,-0.021399533218717924,-0.035195493385679184,0.12481331906570271,-1.3347521263358253,6.1776966064652745,23
2018-09-30,2913.97998046875,0.0042942874264617625,0.056570581896927034,-0.012152105030146116,-0.024008842611881555,-0.021399533218717924,-0.035195493385679184,0.12481595188470003,-1.3210104344623275,6.1365972551376124,19
2018-10-31,2711.739990234375,-0.06940335609369641,0.2248592598615066,-0.014391743056658912,-0.03236292530005685,-0.025225028807153736,-0.037839327408928404,0.14171317610378745,-1.1771969250178174,4.277674488225743,23
2018-11-30,2760.169921875,0.017859356654779557,0.18831368850202976,-0.017450619209428475,-0.03236292530005685,-0.025709057293414536,-0.037839327408928404,0.1502409740392075,-0.95718107783832,3.187454531322724,21
2018-12-31,2506.85009765625,-0.09177689467997241,0.2966813509002426,-0.020888244447056836,-0.033153147338538635,-0.027900792483966166,-0.037839327408928404,0.1707180627014461,-0.4985339820614012,3.1025404480459557,19
2019-01-31,2704.10009765625,0.07868440166582613,0.18470830674889357,-0.021081169946004952,-0.033153147338538635,-0.028214334560146048,-0.037839327408928404,0.1770551629370391,-0.3944261687049164,2.7675256115297593,21
2019-02-28,2784.489990234375,0.029728889343927145,0.0823207403810071,-0.02029839402965081,-0.02938003135989936,-0.025217773913898116,-0.03255579724743301,0.16281461730641897,-0.12173828999310757,3.015510784912337,19
2019-03-31,2834.39990234375,0.01792425624958849,0.11740955020169293,-0.019208300444765205,-0.02938003135989936,-0.0246404407577106,-0.03255579724743301,0.15617222548128198,-0.17727916185620704,3.596864803671309,21
2019-04-30,2945.830078125,0.03931349831373798,0.06159483037872225,-0.017856623905965433,-0.02938003135989936,-0.024080446395425854,-0.03255579724743301,0.14915336955858366,-0.14310238516680615,4.561147178780116,21
2019-05-31,2752.06005859375,-0.06577773136683518,0.14042303110039167,-0.01869546976654525,-0.02938003135989936,-0.02455032897864982,-0.03255579724743301,0.15232598749242215,-0.1462114168799583,4.142120269949697,22
2019-06-30,2941.760009765625,0.06893016399824092,0.10490782711047451,-0.01869546976654525,-0.02938003135989936,-0.02455032897864982,-0.03255579724743301,0.15360494257541826,-0.17156480808238686,4.004909813189382,20
2019-07-31,2980.3798828125,0.01312815216695773,0.0838527498422966,-0.01869546976654525,-0.02938003135989936,-0.02455032897864982,-0.03255579724743301,0.1534133074302533,-0.15456765667080663,4.032676152759056,22
2019-08-31,2926.4599609375,-0.018091627240524155,0.22883668112954716,-0.02029839402965081,-0.030779272098503348,-0.026698269390851945,-0.03255579724743301,0.16574353264825228,-0.26559939578766195,2.9766320444340306,22
2019-09-30,2976.739990234375,0.017181177931020697,0.08830629077749165,-0.02029839402965081,-0.030779272098503348,-0.026698269390851945,-0.03255579724743301,0.16680454687459179,-0.2714096326262495,2.847869359923871,20
2019-10-31,3037.56005859375,0.020431770513684278,0.13094840380443373,-0.01869546976654525,-0.028586024870662828,-0.024603765353325497,-0.030953587820928854,0.15730314299216808,-0.19835684841369797,3.277065970588992,23
2019-11-30,3140.97998046875,0.034047037714499906,0.057409126494411385,-0.01728665033333776,-0.028586024870662828,-0.02446278483041599,-0.030953587820928854,0.14883686582210787,-0.26054585537097485,4.372869673858591,20
2019-12-31,3230.780029296875,0.02858981890572987,0.07640501649026954,-0.01214248785814086,-0.02566640097783725,-0.0198129779851667,-0.028749805249022764,0.12489523237507255,-0.6416881693518747,3.3404628581038964,21
2020-01-31,3225.52001953125,-0.0016280928190490762,0.11914325772984635,-0.01214248785814086,-0.025339051010824273,-0.01938170008372973,-0.028749805249022764,0.11777017857305985,-0.9534505234335198,2.803152073764671,21
2020-02-29,2954.219970703125,-0.08411048363840334,0.2516563455914928,-0.014363184686198594,-0.030483866050467417,-0.024919621532673877,-0.0366680400493517,0.1356390840065046,-1.5510159661508587,5.20786179445885,19
2020-03-31,2584.590087890625,-0.12511928240892833,0.94186991868852,-0.029730869304304176,-0.06585846123014294,-0.053308052562972996,-0.10220248760522081,0.30357728904078896,-1.1696695980381242,15.244544834274144,22
2020-04-30,2912.429931640625,0.1268440381652789,0.40948087188527704,-0.03046315716224108,-0.06585846123014294,-0.054564959854499606,-0.10220248760522081,0.3254947805003025,-0.8587234883068938,11.57817177408211,21
2020-05-31,3044.31005859375,0.04528181966555844,0.22924357046165816,-0.03046315716224108,-0.06585846123014294,-0.054564959854499606,-0.10220248760522081,0.32918975299620334,-0.87035573369667,11.029591126739081,20
2020-06-30,3100.2900390625,0.018388396513923988,0.298049389452899,-0.030931149262793074,-0.06969897576888938,-0.05687302051764852,-0.10220248760522081,0.33844345295979794,-0.8743012239731461,9.826344517468874,22
2020-07-31,3271.1201171875,0.055101321480443444,0.13279324318459057,-0.030931149262793074,-0.06969897576888938,-0.05687302051764852,-0.10220248760522081,0.3398494577747258,-0.8921744464414879,9.655714174471552,22
2020-08-31,3500.31005859375,0.07006466690171731,0.0809014999359544,-0.030931149262793074,-0.06969897576888938,-0.05687302051764852,-0.10220248760522081,0.33442161789394137,-0.9525425586860143,10.50376186264342,21
2020-09-30,3363.0,-0.03922797017842261,0.2484073422026395,-0.032474949119180196,-0.06969897576888938,-0.05722705735656041,-0.10220248760522081,0.34077772196169637,-0.9069208524893814,9.55317546527704,21
2020-10-31,3269.9599609375,-0.027665786221379718,0.2098133896681003,-0.03416897417497424,-0.06969897576888938,-0.05736840064026326,-0.10220248760522081,0.3442827656171331,-0.8641373995570658,9.046845015574178,22
2020-11-30,3621.6298828125,0.10754563544385931,0.16031615445518765,-0.03416897417497424,-0.06969897576888938,-0.05736840064026326,-0.10220248760522081,0.34732554625941875,-0.868371010099727,8.68272738146681,20
2020-12-31,3756.070068359375,0.03712145909357023,0.08577332267520467,-0.03416897417497424,-0.06969897576888938,-0.05736840064026326,-0.10220248760522081,0.3474740924714559,-0.8661765827699971,8.663080966468327,22
2021-01-31,3714.239990234375,-0.011136660755444838,0.171118503076403,-0.03416897417497424,-0.06969897576888938,-0.05736840064026326,-0.10220248760522081,0.34946249367298265,-0.8488287203470837,8.399448276478596,19
2021-02-28,3811.14990234375,0.026091451377448616,0.14355534653015273,-0.030372127411616035,-0.06969897576888938,-0.05629047593903783,-0.10220248760522081,0.3438811705197965,-0.8952323011619179,9.120732226885034,19
2021-03-31,3972.889892578125,0.042438632533165155,0.16502245201711818,-0.021416880877192342,-0.035839888645717584,-0.03178058448653241,-0.047274865945884516,0.21240741718049755,-0.34829507961696554,4.205813801594183,23
2021-04-30,4181.169921875,0.05242532134755851,0.10811414990501285,-0.01820169810236248,-0.03203592874720653,-0.02873443108427663,-0.04414527641568398,0.1798505538561906,-1.136380830369646,3.84445970115019,21
2021-05-31,4204.10986328125,0.0054864886706071925,0.14103344772322393,-0.017039125599646484,-0.03187712396376886,-0.027984465814805425,-0.04414527641568398,0.17286604173262177,-1.2454770216443982,4.4442062136438905,20
2021-06-30,4297.5,0.022214009565834747,0.0837174516784276,-0.014428778633549367,-0.027059716966679904,-0.02296345223220034,-0.0332773217790766,0.15176937791917292,-0.7166349169467702,1.5703029657829501,22
2021-07-31,4395.259765625,0.02274805482838871,0.11763105771399424,-0.014867371521290692,-0.027059716966679904,-0.023050530592812504,-0.0332773217790766,0.15057094999716752,-0.7228633363454061,1.6832780797836318,21
2021-08-31,4522.68017578125,0.028990416255438634,0.08256698604504706,-0.014867371521290692,-0.027059716966679904,-0.023050530592812504,-0.0332773217790766,0.15028011226001564,-0.6897182429243728,1.6567247017144704,22
2021-09-30,4307.5400390625,-0.047569168801900985,0.12768523548220426,-0.0137618499098002,-0.023202082270578437,-0.02004893170799736,-0.02890741721961664,0.13791616928673367,-0.48223247323888785,1.3977114457101252,21
2021-10-31,4605.3798828125,0.06914383640060628,0.10829370461523523,-0.012593970816782646,-0.021117465402914152,-0.017565542377132273,-0.024159830636191537,0.12809826505626068,-0.2810454451727636,0.7871843955286234,21
2021-11-30,4567.0,-0.008333706184745715,0.12992395860554246,-0.013178894801418508,-0.0223218544708016,-0.01878916579280357,-0.024594573569864452,0.12393116341941106,-0.5178564301590777,1.2183330224780442,21
2021-12-31,4766.18017578125,0.04361291346206486,0.17023391182731165,-0.013178894801418508,-0.0223218544708016,-0.01878916579280357,-0.024594573569864452,0.13106806203214083,-0.37108883203972604,0.7360605829730802,22
2022-01-31,4515.5498046875,-0.05258516502739341,0.18713130054215385,-0.013344862756981997,-0.021117465402914152,-0.018634902952906898,-0.02315106264726514,0.13308919002847072,-0.20960522825221153,0.5631679834609417,20
2022-02-28,4373.93994140625,-0.0313604919459084,0.22590647244486994,-0.016503614746863016,-0.021538820465405874,-0.020066165686760253,-0.02312108841258141,0.14031783464926678,-0.26658163333790597,0.30174058094390954,19
2022-03-31,4530.41015625,0.03577328837154603,0.23151699833621417,-0.017644513767785218,-0.0223218544708016,-0.02105382023199369,-0.025881023231286104,0.14963297983243642,-0.2267689993096184,0.41196725210182156,23
2022-04-30,4131.93017578125,-0.08795671180434272,0.2467005373053693,-0.018814252557919582,-0.02833686332747005,-0.023993557113440298,-0.03182391850923613,0.16297702817044923,-0.3918489032585032,0.7402962761077346,20
2022-05-31,4132.14990234375,5.317770464441374e-05,0.31425342043485294,-0.019147116840456748,-0.03439370697160668,-0.027853083846068275,-0.038164548880014026,0.18144556975116297,-0.4841028203144245,1.1698804360392234,21
2022-06-30,3785.3798828125,-0.08391999993382693,0.2955955423599166,-0.022114432297009677,-0.03662333385219065,-0.03135394867383961,-0.03924430035532766,0.1989494937243193,-0.4672974316551722,0.8314171022149941,21
2022-07-31,4130.2900390625,0.09111639173021024,0.19124763157131883,-0.022114432297009677,-0.03662333385219065,-0.03135394867383961,-0.03924430035532766,0.20415678180575256,-0.3925626293114311,0.6656884116187023,20
2022-08-31,3955.0,-0.042440128272998145,0.1944364878884051,-0.023481762086946627,-0.03662333385219065,-0.03222176137827948,-0.03924430035532766,0.21067774323565128,-0.35375631975402216,0.4544667514310662,23
2022-09-30,3585.6201171875,-0.09339567201327481,0.23998537933755043,-0.024359613989889835,-0.03822373816531358,-0.03376889256034244,-0.04165763477108762,0.21899491650407132,-0.39153219160114017,0.3964456590725773,21
2022-10-31,3871.97998046875,0.07986341383700934,0.27831482580722855,-0.026240843815881494,-0.03822373816531358,-0.034054256007369936,-0.04165763477108762,0.23082260129207796,-0.2418549582968842,0.10907481068199089,21
2022-11-30,4080.110107421875,0.05375289335249289,0.2759843085196192,-0.026585348425430717,-0.03822373816531358,-0.034054256007369936,-0.04165763477108762,0.2412469663863698,-0.04483953892507485,0.3786519419681056,21
2022-12-31,3839.5,-0.05897147407473069,0.1790887891562268,-0.026585348425430717,-0.03822373816531358,-0.034054256007369936,-0.04165763477108762,0.24143604385550052,-0.007288249563724178,0.3801981342353917,21
2023-01-31,4076.60009765625,0.061752857834678654,0.1664014245761553,-0.026585348425430717,-0.03822373816531358,-0.034054256007369936,-0.04165763477108762,0.24140805425655582,-0.07760831943758317,0.37650198991844874,20
2023-02-28,3970.14990234375,-0.026112493931818803,0.15476933088123476,-0.026585348425430717,-0.03822373816531358,-0.034054256007369936,-0.04165763477108762,0.23656345414351285,-0.06169521044505218,0.5704593929578625,19
2023-03-31,4109.31005859375,0.03505161257710876,0.18017003802367326,-0.025274542527871636,-0.03822373816531358,-0.03369712192452889,-0.04165763477108762,0.23310799214937938,-0.07174999818799092,0.6668029103107036,23
2023-04-30,4169.47998046875,0.01464234166248124,0.11902970918341081,-0.024009822358810617,-0.03822373816531358,-0.033131110406145574,-0.04165763477108762,0.22826878809248538,-0.08857005879436931,0.8744673402994817,19
2023-05-31,4179.830078125,0.002482347368193194,0.12785054821026282,-0.020640323352758744,-0.033648228023408104,-0.028582948911282317,-0.03933589044635117,0.20898295388706337,0.09537593412236768,1.2144806950394025,22
2023-06-30,4450.3798828125,0.06472746490423442,0.10748168143221921,-0.017317843699477344,-0.02683068660654052,-0.02459023419872935,-0.035623645293497215,0.19338452022377534,0.219642085355371,1.5524081037327693,21
2023-07-31,4588.9599609375,0.031138932355011084,0.08049597982645236,-0.017317843699477344,-0.02683068660654052,-0.02459023419872935,-0.035623645293497215,0.18693176894891023,0.18048239079222522,1.9828686469710533,20
2023-08-31,4507.66015625,-0.017716390070854127,0.12318216601970271,-0.016235562988146345,-0.025277837161297907,-0.022895155733715127,-0.032640734433645006,0.1809703812413341,0.2823676855192864,2.2037252990301393,23
2023-09-30,4288.0498046875,-0.048719367465624774,0.10974752871488859,-0.01561881837672075,-0.024579395751604265,-0.0205345713657919,-0.02632017272359567,0.17130481168035958,0.5665307680322273,2.1572023479548483,20
2023-10-31,4193.7998046875,-0.02197968873798295,0.14123680386215917,-0.014701057656855875,-0.020613264335499253,-0.01839236680090639,-0.0238513687838708,0.15494994656135377,0.6014276725561781,3.077934139002817,22
2023-11-30,4567.7998046875,0.08917926878196969,0.11082075948884268,-0.014470630301824654,-0.018338297705082184,-0.016989571117317713,-0.021371373273593373,0.14125213361865202,0.07086143898017218,0.07874563997163203,21
2023-12-31,4769.830078125,0.04422923115635968,0.09648468594321906,-0.01385977786709378,-0.016567950175951935,-0.015812858272073977,-0.018492296852932313,0.13138232445141648,-0.01762729913098922,-0.1935802120755297,20
2024-01-31,4845.64990234375,0.015895707598991393,0.11036975821371417,-0.01385977786709378,-0.016567950175951935,-0.01585531094615006,-0.018492296852932313,0.12627939156453788,-0.08436490603512643,-0.16072978759747578,21
2024-02-29,5096.27001953125,0.05172064062372295,0.12168356554279289,-0.013648018930134856,-0.01638388436383334,-0.015353659569607084,-0.017256341634604443,0.12296131205044328,-0.03716870786255611,-0.028164135316239944,20
2024-03-31,5254.35009765625,0.031018779915342742,0.09853122344047743,-0.012052060292193948,-0.01537974446705758,-0.014328843475234417,-0.016236984625932736,0.1156713389009929,0.015899456952125246,-0.002020782428690197,20
2024-04-30,5035.68994140625,-0.041615071737899134,0.13341565752367585,-0.012525386728864399,-0.015339744444229902,-0.014508982649088746,-0.016209773726049963,0.11685522299911838,-0.038790458863518854,-0.16190025045995715,22
2024-05-31,5277.509765625,0.04802119015119932,0.09316191854408523,-0.012525386728864399,-0.015339744444229902,-0.014508982649088746,-0.016209773726049963,0.11418909510176756,-0.11746061991831452,-0.09258892196138208,22
2024-06-30,5460.47998046875,0.03466980128308306,0.06394081581530212,-0.012525386728864399,-0.015339744444229902,-0.014508982649088746,-0.016209773726049963,0.11169664504127831,-0.14459055177342156,0.06890413132590623,19
2024-07-31,5522.2998046875,0.011321316887868527,0.14494649180483876,-0.013516933830937149,-0.016042388423612847,-0.015377530825952638,-0.018731670760704876,0.11658082178562985,-0.22402460067565869,0.19706503380284449,22
2024-08-31,5648.39990234375,0.022834706936630367,0.1951457782014062,-0.01377739088731057,-0.017524752580620025,-0.01703244680677932,-0.024133730074613075,0.12407976462448267,-0.37313179760969667,0.9885844019699708,22
2024-09-30,5762.47998046875,0.020196884090601053,0.13878762037119088,-0.01377739088731057,-0.01993718442283704,-0.017602279428246173,-0.025075415662561218,0.12529997647555752,-0.4494633900482828,1.1433991631481182,20
2024-10-31,5705.4501953125,-0.0098967433031516,0.11043420444375344,-0.013021943829524686,-0.020058170866134997,-0.017931195876546447,-0.025075415662561218,0.12263196453766925,-0.48304231646558465,1.464534660535459,23
2024-11-30,6032.3798828125,0.057301295482098835,0.1203758079009195,-0.013506161215667022,-0.020058170866134997,-0.017931195876546447,-0.025075415662561218,0.12263402858241404,-0.467449999599186,1.5882585296318976,20
2024-12-31,5881.6298828125,-0.02499013704848352,0.1436919939938953,-0.013506161215667022,-0.022379170009140324,-0.019096069518024335,-0.027928262973268045,0.12666322856169532,-0.5590065247206255,1.8438980534411151,21
2025-01-31,6040.52978515625,0.027016304240443878,0.140412261875086,-0.013894916771235085,-0.022379170009140324,-0.01930091286190973,-0.027928262973268045,0.12985622575400516,-0.5448489350360459,1.571011081755171,20
2025-02-28,5954.5,-0.014242092699824571,0.13254221509958383,-0.01430990734901689,-0.022379170009140324,-0.019527131791654693,-0.027928262973268045,0.1292878156218667,-0.5701013819034257,1.535322531068806,19
2025-03-31,5611.85009765625,-0.057544697681375157,0.20677908388352326,-0.01591683732074656,-0.025343169010005148,-0.021240853873771906,-0.029235696161779807,0.13986707168380696,-0.5485596508177836,1.1225221462128923,21
2025-04-30,5569.06005859375,-0.007624943346289603,0.48829427326419134,-0.018237630382949534,-0.0327758885519352,-0.02944095536884938,-0.04881186025044642,0.19297849753115542,0.546310048699589,15.116780806577378,21
2025-05-31,5911.68994140625,0.06152382614078267,0.16519017706738,-0.018237630382949534,-0.0327758885519352,-0.02944095536884938,-0.04881186025044642,0.19656003116137344,0.5760658724867296,14.017429883211525,21
2025-06-30,6204.9501953125,0.049606839467715824,0.09915730872653568,-0.018237630382949534,-0.0327758885519352,-0.02944095536884938,-0.04881186025044642,0.19745979843910394,0.5523133585229485,13.70270742608972,20
2025-07-31,6339.39013671875,0.02166656253064092,0.06474450107230907,-0.01785522615492488,-0.0327758885519352,-0.029022373436892665,-0.04881186025044642,0.1944891217210539,0.5880793218677335,14.655791261851904,22
2025-08-31,6460.259765625,0.019066444295036566,0.11893327461273807,-0.017301193198237506,-0.032525715147118994,-0.02795963491033781,-0.04881186025044642,0.18878193448364372,0.6970978032511528,16.622403325556714,21
2025-09-30,6688.4599609375,0.035323687218701494,0.07104847533969685,-0.016186786622554895,-0.032525715147118994,-0.027551112453451345,-0.04881186025044642,0.18570588601615895,0.7416526198190401,17.850291277195435,21
2025-10-31,6840.2001953125,0.022686871904923578,0.13696825767923235,-0.01669182409991,-0.032525715147118994,-0.028414132159000648,-0.04881186025044642,0.18819289764797353,0.6668516601371659,16.899454616789694,23
2025-11-30,6849.08984375,0.001299618166672012,0.1544020755405561,-0.016459648831184892,-0.032525715147118994,-0.028253002674553142,-0.04881186025044642,0.18872156763951944,0.6557012321115537,16.652266505017117,19
2025-12-31,6896.240234375,0.0068841834025621385,0.08647752069898305,-0.016186786622554895,-0.031275944916163624,-0.027201480671725505,-0.04881186025044642,0.18633279877758213,0.741062360635718,17.501027268069144,21
